{
  "project_info": {
    "project_number": "242716297097",
    "firebase_url": "https://chat-8d855.firebaseio.com",
    "project_id": "chat-8d855",
    "storage_bucket": "chat-8d855.appspot.com"
  },
  "client": [
    {
      "client_info": {
        "mobilesdk_app_id": "1:242716297097:android:3837303f80b2dbe9",
        "android_client_info": {
          "package_name": "com.example.skulltechmusic.finalhome"
        }
      },
      "oauth_client": [
        {
          "client_id": "242716297097-i69b6etqmfjlcj12rvd0t2hvgo4gqjre.apps.googleusercontent.com",
          "client_type": 3
        }
      ],
      "api_key": [
        {
          "current_key": "AIzaSyBRFfPgf2eHGULQdWbNigQb_QCmmA0i4u8"
        }
      ],
      "services": {
        "analytics_service": {
          "status": 1
        },
        "appinvite_service": {
          "status": 1,
          "other_platform_oauth_client": []
        },
        "ads_service": {
          "status": 2
        }
      }
    }
  ],
  "configuration_version": "1"
}